,title
0,Nantoka Tengoku
1,Usagi no Mofy (TV 2016)
2,Usagi no Mofy (TV 2014)
3,Tokyo Mikansei
4,Robot Trains
5,"Koutsuu Anzen Inu ""Signal"" no Oyako Nikki: Tobidashi Chuui"
6,Watashi to Piano
7,Omoide Onigiri
8,Furusato no Gogatsu
9,Watashi no Ningyou
10,Nan-chan no Koutsuu Anzen
11,Boy General
12,Ryoku Tama Shinshi: 10 Short Stories
13,Panda-chan no Koutsuu Anzen
14,Mabeob Chunjamun Season 2
15,Dump to Mon-chan no Chiisana Bouken
16,AEIOUdan: Douro no Tadashii Watari Kata
17,Tayo-ui Gonglyong Eodeubencheo
18,Soushunfu
19,Boku to Onee-chan no Koutsuu Anzen
20,Usagi no Mofy (TV)
21,Sonotoki Kimi wa?: Ryouta to Pikari no Jishin Bousai Gaku
22,Ponta-kun no Otegara
23,Peter-kun no Koutsuu Anzen
24,Ichigo no Hanayome-san
25,Doctor X no Jitensha Anzen Seminar
26,Doubutsu Mura no World Cup: Yoiko no Koutsuu Anzen
27,Sanbiki no Kobuta no Koutsuu Anzen
28,The Peak
29,Smile
30,Kome no Uta
31,Kaji no Akuruhi
32,Kaitei-koku no Koutsu Anzen
33,Tong Tong - You You no Koutsuu Anzen
34,Time Slip 1923: Mori no Miracle Jishin Taiken
35,Sore Ike! Anpanman no Hiragana Asobi: Hajimete no AIUEO
36,Osu no Buu-chan
37,Let's Go Nakama-tachi!: Bokura to Hakase no Bouka no Chikai
38,Gokiburi-chan
39,Zou da Zou
40,Tong Tong - You You no Hi no Youjin
41,Seishun
42,Penguin no Mondai POW
43,Nakayoshi Jitensha
44,Kuma-san no My Home
45,Higuma no Ongaeshi
46,Heart Chrome feat. Anon & Kanon
47,Yakusoku (2011)
48,Sayounara Concert
49,Obentou Bako no Uta: Anata e no Otegami
50,Kuma-chan no Koutsuu Anzen
51,Dosukoi!! Tarou
52,Chikyuu ni Yasashii Shopping: Midori-chan to Recycle-ku Shopping
53,Wan Wan Kajida Wan
54,Peter-kun no Hinotama Taiji
55,Kogitsune no Koutsuu Anzen
56,Ganbare! Ko Zou no Koutsuu Anzen Patrol-tai
57,Youkoso! Ecolo Shima
58,Two-chan to Issho ni Miyou
59,Tonbo ni Natta Yat-chan
60,Shobo Kujira Chibi Cobra
61,Obaachan Moshikashite
62,Kaminari Boy Pikatta-kun no Koutsu Anzen
63,Jumbagi: Hanbandoui gongryong 3D
64,Hachidori no Hito Shizuku: Watashi ni Dekiru koto
65,Googuri Googuri
66,Doubutsu Mura no Jishin Youjin: Hi no Youjin
67,Chikyuu SOS: Chikyuu ga Netsu wo Dashite Iru
68,Ushiwakamaru
69,Tian Shu Qi Tan
70,Sotsugyou Mae: 10-hi de 100 no Dekigoto
71,Otanjoubi Omedetou
72,Orushipe Suopu
73,Ninja Tamamaru no Hi no Youjin
74,Melon no Kirime
75,Malta no Utaou
76,Kyonshii Kyon Dai no Koutsuu Anzen
77,Kaminari Boy Pikatta-kun no Jitensha Kyoushitsu
78,Kaji to Kouma
79,Fushouji no Mizen Boushi: Saihatsu Boushi Series
80,Fire Robo 119 tai Kyonshii Kyon Dai
81,Chiro no Ki Ookiku Naare
82,The Planet of Stray Cats
83,Risu no Matoi
84,Pokke
85,Feed
86,Doubutsu Mura no Shouboutai
87,Yuhuwa Chingudeul
88,Yat-chan to Shinnyuusei
89,UFO-koku no Koutsuu Anzen
90,Skyers 5 EX
91,Natane Shigure
92,Mukashibanashi Dokkiri Anime
93,Kokoro no Tokyo Kakumei
94,Itekoma Hits
95,Hare Tokidoki Buta: Noriyasu-kun no Hi no Youjin
96,Habatake Pii-tan
97,Yat-chan to Kasei no Ko
98,Suppon Pon Pon
99,Smileflower
100,Mottainai
101,Kimi no Tonari ni Itai Kara
102,Hare Tokidoki Buta: Noriyasu-kun no Koutsuu Anzen
103,Anata no Koe
104,Tabibito no You ni
105,Megane
106,Kobo-chan no Koutsuu Anzen
107,Kaze no Sei
108,Chikyuu no Himitsu
109,Atomic World
110,Yume no Mahou
111,Yanoya
112,Tayo-ui Jangnangam Eodeubencheo
113,Setsugetsuka
114,My Boy
115,Michi
116,Kimi no Kimochi
117,Issunboushi (2007)
118,Ganbare! Kobo-chan Gyuunyuu
119,Shuuen no Shiori
120,Puttobe! Poodel
121,Miniforce
122,Madonna no Yuuwaku
123,Inamura no Hi
124,Akai Yama Aoi Yama Shiroi Yama
125,Yumekui Shoujo
126,Salsa Ii na Ii ne
127,Ningen Moyou
128,Mukashi no Yama
129,Kaze Iro no Tonbo
130,Kara no Tamago
131,"Yamasuki, Yamazaki"
132,Tomo: Tabidachi no Toki
133,Sprin' Pan: Mae e Susumou!
134,Shima Shima Tora no Shimajirou no Shouboutai
135,Shima Shima Tora no Shimajirou no Koutsuu Anzen
136,Oyako de Manabu: Kaiji no Youjin - Jishin no Youjin
137,Ninja Box
138,Neko no Heishi ga Yuku
139,Magical Halloween: Miracle★Quartet
140,Lilttle Wonders: Sneeze
141,Hai! Akko Desu: Minna no Koutsuu Anzen
142,Blow Up 2
143,Yanbou Ninbou Tonbou no Koutsuu Anzen
144,Tuxedo Gin
145,Shenmi Shijie Lixian Ji 3
146,Manga Furusato Mukashibanashi
147,Jam Pot
148,Gifu no Tatekayoko
149,Cleaning Switch
150,Takaramono
151,She
152,Rere no Aoi Sora
153,Mizu no Yume
154,Malta no Bouken Season 2
155,Karrimor Mountain Club 2
156,Hare Tokidoki Buta no Koutsuu Anzen
157,Daisuki tte Imi dayo
158,Tsuki
159,Lu Lin Da Mao Xian Zhi Tang Guo Shi Jie
160,Kobo-chan Special (1994)
161,Hare Tokidoki Buta no Jishin Youjin Nikki
162,Sweet Touch of Love
163,Shounen Sunday CM: All-Star Total Appearance
164,Otome no Inori
165,Muka Muka Paradise: Okaasan to Manabu Koutsuu Anzen
166,Kkaemo-ui Moheom
167,Kaze to Tomoni
168,Green Red
169,Get Back on the Hill
170,Den Den Mushi no Danko-san
171,Bakutsuri Bar Hunter Movie: Nazo no Barcode Trial! Bakutsure! Shinkaigyo Poseidon
172,Aishiteru yo McCrea: McCrea no Koutsuu Anzen
173,U.F.O
174,Marine Mirage
175,Malta no Bouken Season 3
176,Koi no Sube-Sube Manjuu Gani
177,Kobo-chan Special
178,Junk Head
179,Walls
180,"Umete, Bye-Bye"
181,Shounen
182,Rainbow Scene
183,Piercing I
184,Noise
185,Nayami no Tane
186,Mirai Shouboushi Kyuuta
187,Maple Town no Koutsuu Anzen
188,Kimari no Nai Kuni
189,Hannyashingyou
190,Family
191,Watashi no Kamifuusen
192,Washimo 7th Season
193,Shin Skyers 5 EX
194,Shimauma to Lion
195,Nukazuke no Uta
196,Mori no Kuma-san
197,Kakusenou Gakushuu Animation
198,"Fly feat. 79, Kaho Nakamura"
199,Devil & Devil
200,Tonosama Gaeru
201,Maple Town no Shouboutai
202,Chaechaepong Kimchi Pong
203,Zen-chan Two-chan
204,Urban Caravan
205,Twinkle World feat. Hatsune Miku
206,Shittakaburi Kaitsuburi
207,Sea Breeze
208,Sawai Seiyaki Kabushikigaisha CMs
209,Osakini Douzo Arigatou
210,Moonflowers
211,Little Scarlet Bad Girl feat. Hatsune Miku
212,It's a Small World
213,Ima
214,Yume Kyuukou de 15-bu
215,TRAPxTRAP feat. Hatsune Miku
216,Tenka Muteki no Gouyaaman★
217,Sunny Days!
218,Running Man
219,Risu ni Koi Shita Shounen
220,Namida no Chikara
221,Nakanaide
222,Mr. Bond
223,Maki to Kanta to Jiijii to.
224,Donten
225,Chikasugi Idol Akae-chan Specials
226,A Brightening Life
227,Wao-kun no Hane
228,So-na-gi
229,Ruby
230,Nyanpara no Nakama-tachi
231,Nijiiro no Fushigina Ishi
232,Mimi-chan no Te to Te to Te
233,Kokoro wa Hallelujah
234,Itsumo Kokoro ni Hohoemi wo
235,Ha Ji Me Te
236,Gomen ne Chitchi
237,Cocomong 3
238,Chiro-wa Chingu-deul
239,Zet Ranger
240,Yasashi-sa
241,Three Workers
242,Shigutsman
243,Oshamani
244,Oh Baby Plus
245,Kakera
246,Honou no Senshi: Firegirl
247,Haru Natsu
248,Electric Love feat. Hatsune Miku
249,Denwa Kakumei Naisen
250,Cute Kenkyuukai
251,Churazima
252,Boku no Kachi
253,Anime de Tanoshiku Manabu Koutsuu Anzen: Tenshi no Kotencotenco
254,Tatakae! Dokan-kun: Robolympic-hen
255,TaChiTsuTeTo Te wo
256,Saru Tarou wa Tobidasa Nai!
257,SAIGO
258,Pugpug
259,Power Battle Watch Car: Minicar Battle League - Bulkkoch-ui Jilju
260,Piano
261,Phantomi: Mini Anime
262,Ojii-chan Chi e Ikou
263,Naengjang-go Nala Cocomong
264,"Moshi, Ginkou ga Nakatta-ra?: Mahoutsukai Sally no Ginkou Nyuumon"
265,Minna no Jouhou Moral
266,Mayuge no Uta
267,Malta no Kamishibai
268,Komatsu Sakyo Anime Gekijou: Tokubetsu-hen
269,Kagaku Manga Survival
270,Ichiban Kirei na Hoshi
271,Hana (2006)
272,Boku to Déjà vu
273,Aresuke
274,Yorugao
275,Tian Xin Ge Ge 3rd Season
276,Susume! Dokan-kun
277,Onita no Boushi
278,Konchuu Ninja
279,Kimi Shitteru? Shuto Enjou Anime Tokyo Dai Kuushuu
280,Desktop Cinderella feat. Hatsune Miku
281,Zounds
282,Zhu Zhu Xia: Konglong Riji
283,Xiongmao He Xiao Yan Shu
284,Sweet Devil feat. Hatsune Miku
285,Seven Nation Army feat. Chara
286,Sasurai no Violin
287,Power Battle Watch Car: Watch Gamyeon-ui Yeogseub
288,Mama ga Hakuchou Datta hi
289,Konpeitou
290,Keep Calm and Carry On
291,Kaijuu Step Wandabada
292,Ittekimasu.
293,Higan
294,Hello Cocomong 2
295,Hato no Uta
296,Cocomong 2
297,Carry Me Off feat. Hatsune Miku
298,Zetsumetsu Kigu-shun.
299,Time: Toki no Shiori
300,Tatakae! Dokan-kun: Gekitou-kun
301,Sekisou-tai
302,Ousama no Takaramono
303,Nikukyuu no Uta
304,Manichi ga Tsurai Kimochi Wakarimasu ka: Yurusenai! Net Ijime
305,Kyouiku Eiga-sai Jushou Anime Series
306,Koeda-chan Ohanashi
307,Inuwari-san
308,Witch Hat: Majo to Boushi no Waltz
309,Sizq
310,Shiroi Unabara
311,Rifujin-jin
312,Nyanta no wo Tanjoubi wa Kaji Sawagi!
313,Momotarou no Koutsuu Anzen Kyoushitsu
314,Koeda-chan CMs
315,Kizu-darake no Ringo
316,Kimi ga Wasureta Ookina Mono
317,Kekkaishi
318,Kabushikigaisha G-anime Saiyou Concept Movie
319,Jun ga Kureta Inochi
320,Collapse Zen
321,Chounai Shinsengumi wo Tasuke-gumi Mezashi-tai no Koutsuu Anzen Rule wo Mamotte Mezase! Doubutsuen!
322,Umeboshi Jinsei
323,The Closet
324,Sunny
325,Shippai Ippai mo Ikkai
326,Nippon Mukashibanashi: Sannen Netarou
327,Kensaku Shounen
328,Jibun de Jibun wo Mamoru
329,Islay
330,Ice Kuritarou (Movie)
331,Hetchara Heiki no Heihachirou
332,Zhu Zhu Xia: Jiong Jiong Wei Ji
333,Zhu Zhu Xia: Bukesiyi De Shijie
334,Tono-sama no Chawan
335,Tanabata no Oto
336,Super Mario no Koutsuu Anzen
337,Shuuseki Life
338,Sekai Jinken Sengen
339,Sansuu Chachacha
340,Power Battle Watch Car Season 2
341,Ohayou no Uta
342,Nezha Chuan Qi
343,Mirai no Hito e
344,Mary Bell no Koutsuu Anzen
345,Mary Bell no Hi no Youjin: Guratto Kitara Dousuru
346,Koala-chan no Shouboutai
347,Kiraware Mono no Rasu
348,Hachigatsu Kokonoka Nagasaki
349,Din Dong Specials
350,Baby Maniacs feat. Hatsune Miku
351,Trojan wo Jibun no Te de
352,Tobidase! Dokan-kun
353,Tanjou!! KKT21
354,Subarashii Shigoto
355,Rescue Q-tai no Katsuyaku
356,Mama no Kekkon
357,Kuunyan no Koutsuu Anzen: Tadashii Jitensha no Nori Kata
358,Kurayami wa Kiken ga Ippai
359,Ki wo Tsukeyou: Douro wa Kiken ga Ippai!
360,Karasu to Kaki no Tane
361,Kamo ga Suki
362,Hello Cocomong
363,Hashire John
364,Hashi no Ue no Ookami
365,Blue Star feat. Hatsune Miku
366,Zhu Zhu Xia: Fan Wai - Pin Zhuang Tegong Dui
367,Watashi to Kotori to Suzu to
368,Uchina Experience
369,Totan Yane no Waltz
370,Tomodachi Miitsuketa
371,Senaka de Twist
372,Minna no Umi
373,Kesshin Sokudo
374,Jah Jhaka
375,Hakkiri Kotowarou: Yuukai Sare Nai zo!
376,Arui Tekoteko
377,Zhu Zhu Xia: Zhong Ji Jue Zhan
378,Zhu Zhu Xia: Yong Chuang Juren Dao
379,Zhu Zhu Xia: Fan Wai - Zhi Huanqiu Riji
380,Yume Miru Koneko
381,Youki ni Utaeba
382,Sokkuri House
383,September
384,Ponkaman no Animation no Dekiru made
385,Panda no Blues
386,Oniichan ni Natchatta
387,Muddy Water
388,Kintarou no Koutsuu Anzen
389,Huoli Shaonian Wang zhi You Quan Yingxiong
390,Hula Kappa: Owakare-kai (2) Atarashii wo Tomodachi
391,Hana Saki Yama
392,Hajime ni Oboeru Koutsuu Anzen
393,Yuukai Boushi Animation Eiga: Akazukin-chan Chanto Check
394,Wu Kong Da Zhan Er Lang Shen
395,Uchuu Seibutsu Jirou
396,The Ghost of Cartoon
397,Superfluid
398,Okome Kakurenbo
399,Ohanashi no Hana
400,Ninja Tamamaru: Rule wo Mamotte Koutsuu Anzen! no Maki
401,Muteki no Jiichan
402,Lei Su Deng Shandian Chong Xian 3
403,Kyou mo Chappy End
404,Kana Kana ka na
405,I'll Take You Anywhere
406,Hope
407,Fuyuyasumi da. Zenin Shuugou!
408,Emerald no Oka
409,Crystal Sea Ver. 69 (Kay Nakayama Remix)
410,Zhu Zhu Xia: Ying Xiong Zhu Shao Nian
411,Snowdrop
412,Shouka Robo Zeres: Fire Dragon wo Taose!
413,Shiro to Takeshi
414,"Shiro no Kanga""roo"" no Uta"
415,Role Playing Soldier
416,Relaxin'
417,Ni ga Mushi Ojisan
418,Minwa Anime Series
419,Kazami Tori
420,Karugamo Oyako no Koutsuu Anzen
421,Kappa no Kui Kuo Kua
422,Ijime Stop! Kintarou Kokoro Chikaramochi
423,Haru wo Yobu Yume
424,Haiku Kuma Ana ni Iru
425,Ganbare! Memeko-chan
426,Chiisana Kinomi
427,Yuukai Tsuresari ni Awanai
428,Umi e Kite
429,Tokyo 2020 Olympics CMs
430,Tenuto
431,Ruleman no Koutsuu Anzen
432,Mushi Mushi Mura no Nakama-tachi: Minna Ii Toko Arun Da yo
433,Koeda-chan
434,Kaigo to Ikiru
435,Joukei
436,Jack Nicholson
437,Capsule Boy 2: Ujuleul Jikyeola
438,Broadcast by Bibby
439,Zhu Zhu Xia: Zhong Ji Jue Zhan - Qian Ye Pian
440,Tsunagaru
441,Tsugaku-ji
442,Supermarket Flowers
443,Oniichan Zurui
444,Ohanashi de Te Koi
445,Mori no Hito to Shoutengu-chan
446,Minna no Taabou Konnichiwa
447,Midnight Run feat. Nana Furuya
448,Kenta to Nyanta no Kuruma Daisuki!
449,Kayoko Sakura no Saku Hi
450,Kagee Anime Series
451,Huoli Shaonian Wang zhi Chuanqi Zaixian: Xuji
452,Daruma-san ga Koronda
453,Calicula Machine
454,Zhu Zhu Xia: Wu Ling Shou Wei Zhe
455,Zhu Zhu Xia: Da Nao Huang Gong
456,Yuki Daruman no Fuyumichi Koutsuu Anzen
457,Yot-chan no Fushigina Crayon
458,Ultraman Kids no Shouboutai
459,Ten ni Yaka Reru: E ni Yoru Shougen
460,Te no Naka no Mahou
461,Sensou: Kodomo-tachi no Yuigon
462,Saru Tarou Helmet wa Kabutte ne
463,San Tarou to Kaguya-hime no Koutsuu Anzen
464,Sakai Noriko no Yoiko no Ohanashi Hiroba
465,Oyayubi-hime
466,Kurage Nasu
467,Kerakera
468,Grimm Douwa Anime Series
469,Do You Remember That Night?
470,Dekkai Totto March
471,Chuldong! Super Wings 2
472,Chibi Maruko-chan no Konna Nori Kata Abunai yo
473,Zhu Zhu Xia: Guang Ming Shou Wei Zhe
474,Zhu Zhu Xia: Chao Xing Meng Chong
475,Tanjoubi no Chachacha
476,Shijin to Tsubame
477,Sandwhichman Touhoku Ai Bottle
478,Rokuko-chan
479,Nendjuugyouji Animation Series
480,Maware Toro-Ika
481,Mama no Earring
482,Kuro Kishi to Shiro no Maou VR Sennyuu! Maoujou-hen
483,Kkoma Bus Tayo-ui Ace Guchuljakjeon
484,Kamiusagi Rope x Ricordi
485,Jo Uta
486,Houkago no Thesaurus
487,Genki Genki Non-tan: Obake Mura Meiro
488,Chao Wa Zhanshi: Weiwu Jiaoguan
489,Cat Step
490,Zhu Zhu Xia: Bai Bian Lian Meng
491,Tec & Her Pets
492,Tanoshii Ekaki Uta
493,Study
494,Shima no Kuregata no Hanashi
495,Saraba Seishun
496,Sabishi Gariya-san Konnichiwa
497,Reset
498,Qing Chi Hong Xiaodou Ba! Wai Zhuan: Mo Xiang Wang
499,One Nyan Monogatari
